{"cameraMode":{"drawMode":0,"name":"Shaded","section":"Shading Mode"},"sceneLighting":true,"audioPlay":false,"sceneViewState":{"m_AlwaysRefresh":false,"showFog":true,"showSkybox":true,"showFlares":true,"showImageEffects":true,"showParticleSystems":true,"showVisualEffectGraphs":true,"m_FxEnabled":true},"in2DMode":false,"pivot":{"x":-0.435934841632843,"y":6.195594787597656,"z":0.07608938217163086},"rotation":{"x":0.26300960779190066,"y":0.041952237486839297,"z":-0.011448131874203682,"w":0.963813304901123},"size":482.5874328613281,"orthographic":true}